timeStamp,elapsed,label,responseCode,responseMessage,threadName,dataType,success,failureMessage,bytes,sentBytes,grpThreads,allThreads,URL,Latency,IdleTime,Connect
1694072924089,203,get_method,200,OK,HW_1 2-1,text,true,,190,146,11,12,http://5.75.203.123:5005/get_method?name=Vladimir&age=39,203,0,101
1694072924110,191,get_method,200,OK,HW_1 2-2,text,true,,190,146,11,12,http://5.75.203.123:5005/get_method?name=Vladimir&age=39,191,0,95
1694072924130,201,get_method,200,OK,HW_1 2-3,text,true,,190,146,13,14,http://5.75.203.123:5005/get_method?name=Vladimir&age=39,201,0,99
1694072924151,201,get_method,200,OK,HW_1 2-4,text,true,,190,146,14,15,http://5.75.203.123:5005/get_method?name=Vladimir&age=39,201,0,99
1694072924171,207,get_method,200,OK,HW_1 2-5,text,true,,190,146,15,16,http://5.75.203.123:5005/get_method?name=Vladimir&age=39,206,0,102
1694072924190,202,get_method,200,OK,HW_1 2-6,text,true,,190,146,16,17,http://5.75.203.123:5005/get_method?name=Vladimir&age=39,202,0,100
1694072924210,182,get_method,200,OK,HW_1 2-7,text,true,,190,146,16,17,http://5.75.203.123:5005/get_method?name=Vladimir&age=39,182,0,90
1694072924231,200,get_method,200,OK,HW_1 2-8,text,true,,190,146,18,19,http://5.75.203.123:5005/get_method?name=Vladimir&age=39,200,0,98
1694072924250,210,get_method,200,OK,HW_1 2-9,text,true,,190,146,19,20,http://5.75.203.123:5005/get_method?name=Vladimir&age=39,210,0,104
1694072924271,199,get_method,200,OK,HW_1 2-10,text,true,,190,146,20,21,http://5.75.203.123:5005/get_method?name=Vladimir&age=39,199,0,98
1694072924293,196,user_info_2,200,OK,HW_1 2-1,text,true,,491,778,21,22,http://5.75.203.123:5005/user_info_2,196,0,93
1694072924290,204,get_method,200,OK,HW_1 2-11,text,true,,190,146,21,22,http://5.75.203.123:5005/get_method?name=Vladimir&age=39,204,0,98
1694072924310,201,get_method,200,OK,HW_1 2-12,text,true,,190,146,22,23,http://5.75.203.123:5005/get_method?name=Vladimir&age=39,201,0,96
1694072924301,221,user_info_2,200,OK,HW_1 2-2,text,true,,491,793,22,23,http://5.75.203.123:5005/user_info_2,221,0,106
1694072924330,202,get_method,200,OK,HW_1 2-13,text,true,,190,146,23,24,http://5.75.203.123:5005/get_method?name=Vladimir&age=39,202,0,98
1694072924332,201,user_info_2,200,OK,HW_1 2-3,text,true,,491,813,23,24,http://5.75.203.123:5005/user_info_2,201,0,96
1694072924351,192,get_method,200,OK,HW_1 2-14,text,true,,190,146,23,24,http://5.75.203.123:5005/get_method?name=Vladimir&age=39,192,0,95
1694072924352,200,user_info_2,200,OK,HW_1 2-4,text,true,,491,803,24,25,http://5.75.203.123:5005/user_info_2,200,0,98
1694072924371,199,get_method,200,OK,HW_1 2-15,text,true,,190,146,24,25,http://5.75.203.123:5005/get_method?name=Vladimir&age=39,199,0,98
1694072924392,192,user_info_2,200,OK,HW_1 2-7,text,true,,491,773,25,26,http://5.75.203.123:5005/user_info_2,192,0,94
1694072924378,208,user_info_2,200,OK,HW_1 2-5,text,true,,491,783,25,26,http://5.75.203.123:5005/user_info_2,208,0,101
1694072924391,199,get_method,200,OK,HW_1 2-16,text,true,,190,146,26,27,http://5.75.203.123:5005/get_method?name=Vladimir&age=39,199,0,98
1694072924392,203,user_info_2,200,OK,HW_1 2-6,text,true,,491,798,26,27,http://5.75.203.123:5005/user_info_2,203,0,99
1694072924411,201,get_method,200,OK,HW_1 2-17,text,true,,190,146,27,28,http://5.75.203.123:5005/get_method?name=Vladimir&age=39,201,0,99
1694072924430,183,get_method,200,OK,HW_1 2-18,text,true,,190,146,27,28,http://5.75.203.123:5005/get_method?name=Vladimir&age=39,183,0,90
1694072924431,193,user_info_2,200,OK,HW_1 2-8,text,true,,491,813,27,28,http://5.75.203.123:5005/user_info_2,192,0,93
1694072924449,200,get_method,200,OK,HW_1 2-19,text,true,,190,146,28,29,http://5.75.203.123:5005/get_method?name=Vladimir&age=39,200,0,99
1694072924460,192,user_info_2,200,OK,HW_1 2-9,text,true,,491,803,29,30,http://5.75.203.123:5005/user_info_2,192,0,94
1694072924470,187,user_info_2,200,OK,HW_1 2-10,text,true,,491,803,29,30,http://5.75.203.123:5005/user_info_2,187,0,91
1694072924469,200,get_method,200,OK,HW_1 2-20,text,true,,190,146,30,31,http://5.75.203.123:5005/get_method?name=Vladimir&age=39,200,0,99
1694072924489,192,get_method,200,OK,HW_1 2-21,text,true,,190,146,30,31,http://5.75.203.123:5005/get_method?name=Vladimir&age=39,192,0,94
1694072924509,182,get_method,200,OK,HW_1 2-22,text,true,,190,146,31,32,http://5.75.203.123:5005/get_method?name=Vladimir&age=39,182,0,90
1694072924490,207,user_info_3,200,OK,HW_1 2-1,text,true,,389,788,31,32,http://5.75.203.123:5005/user_info_3,207,0,102
1694072924494,205,user_info_2,200,OK,HW_1 2-11,text,true,,491,798,31,32,http://5.75.203.123:5005/user_info_2,205,0,98
1694072924511,194,user_info_2,200,OK,HW_1 2-12,text,true,,491,788,31,32,http://5.75.203.123:5005/user_info_2,194,0,94
1694072924522,195,user_info_3,200,OK,HW_1 2-2,text,true,,389,803,32,33,http://5.75.203.123:5005/user_info_3,195,0,94
1694072924533,196,user_info_3,200,OK,HW_1 2-3,text,true,,389,813,32,33,http://5.75.203.123:5005/user_info_3,196,0,94
1694072924532,201,user_info_2,200,OK,HW_1 2-13,text,true,,491,783,33,34,http://5.75.203.123:5005/user_info_2,201,0,96
1694072924549,187,get_method,200,OK,HW_1 2-24,text,true,,190,146,33,34,http://5.75.203.123:5005/get_method?name=Vladimir&age=39,187,0,91
1694072924529,209,get_method,200,OK,HW_1 2-23,text,true,,190,146,33,34,http://5.75.203.123:5005/get_method?name=Vladimir&age=39,209,0,99
1694072924543,203,user_info_2,200,OK,HW_1 2-14,text,true,,491,783,33,34,http://5.75.203.123:5005/user_info_2,203,0,99
1694072924552,195,user_info_3,200,OK,HW_1 2-4,text,true,,389,798,33,34,http://5.75.203.123:5005/user_info_3,195,0,96
1694072924570,198,get_method,200,OK,HW_1 2-25,text,true,,190,146,34,35,http://5.75.203.123:5005/get_method?name=Vladimir&age=39,197,0,95
1694072924570,199,user_info_2,200,OK,HW_1 2-15,text,true,,491,793,34,35,http://5.75.203.123:5005/user_info_2,199,0,95
1694072924584,193,user_info_3,200,OK,HW_1 2-7,text,true,,389,808,35,36,http://5.75.203.123:5005/user_info_3,193,0,94
1694072924590,197,user_info_2,200,OK,HW_1 2-16,text,true,,491,798,35,36,http://5.75.203.123:5005/user_info_2,197,0,95
1694072924590,201,get_method,200,OK,HW_1 2-26,text,true,,190,146,36,37,http://5.75.203.123:5005/get_method?name=Vladimir&age=39,201,0,98
1694072924595,200,user_info_3,200,OK,HW_1 2-6,text,true,,389,798,36,37,http://5.75.203.123:5005/user_info_3,200,0,94
1694072924612,186,user_info_2,200,OK,HW_1 2-17,text,true,,491,773,36,37,http://5.75.203.123:5005/user_info_2,186,0,91
1694072924586,217,user_info_3,200,OK,HW_1 2-5,text,true,,389,803,36,37,http://5.75.203.123:5005/user_info_3,217,0,103
1694072924629,186,get_method,200,OK,HW_1 2-28,text,true,,190,146,37,38,http://5.75.203.123:5005/get_method?name=Vladimir&age=39,185,0,91
1694072924624,196,user_info_3,200,OK,HW_1 2-8,text,true,,389,763,37,38,http://5.75.203.123:5005/user_info_3,195,0,95
1694072924613,213,user_info_2,200,OK,HW_1 2-18,text,true,,491,788,37,38,http://5.75.203.123:5005/user_info_2,213,0,103
1694072924609,218,get_method,200,OK,HW_1 2-27,text,true,,190,146,37,38,http://5.75.203.123:5005/get_method?name=Vladimir&age=39,217,0,108
1694072924649,186,user_info_2,200,OK,HW_1 2-19,text,true,,491,808,38,39,http://5.75.203.123:5005/user_info_2,186,0,90
1694072924652,213,user_info_3,200,OK,HW_1 2-9,text,true,,389,763,39,40,http://5.75.203.123:5005/user_info_3,213,0,104
1694072924649,217,get_method,200,OK,HW_1 2-29,text,true,,190,146,39,40,http://5.75.203.123:5005/get_method?name=Vladimir&age=39,217,0,105
1694072924657,211,user_info_3,200,OK,HW_1 2-10,text,true,,389,788,39,40,http://5.75.203.123:5005/user_info_3,211,0,99
1694072924669,204,user_info_2,200,OK,HW_1 2-20,text,true,,491,763,40,41,http://5.75.203.123:5005/user_info_2,204,0,96
1694072924691,185,get_method,200,OK,HW_1 2-31,text,true,,190,146,40,41,http://5.75.203.123:5005/get_method?name=Vladimir&age=39,185,0,90
1694072924669,207,get_method,200,OK,HW_1 2-30,text,true,,190,146,40,41,http://5.75.203.123:5005/get_method?name=Vladimir&age=39,207,0,96
1694072924681,212,user_info_2,200,OK,HW_1 2-21,text,true,,491,793,41,42,http://5.75.203.123:5005/user_info_2,212,0,103
1694072924691,203,user_info_2,200,OK,HW_1 2-22,text,true,,491,808,41,42,http://5.75.203.123:5005/user_info_2,203,0,99
1694072924699,196,user_info_3,200,OK,HW_1 2-11,text,true,,389,813,41,42,http://5.75.203.123:5005/user_info_3,196,0,94
1694072924717,188,object_info_1,200,OK,HW_1 2-2,text,true,,250,159,41,42,http://5.75.203.123:5005/object_info_1?name=Vladimir&age=39&weight=63,188,0,90
1694072924711,196,get_method,200,OK,HW_1 2-32,text,true,,190,146,41,42,http://5.75.203.123:5005/get_method?name=Vladimir&age=39,196,0,95
1694072924705,204,user_info_3,200,OK,HW_1 2-12,text,true,,389,778,41,42,http://5.75.203.123:5005/user_info_3,204,0,98
1694072924698,212,object_info_1,200,OK,HW_1 2-1,text,true,,250,159,42,43,http://5.75.203.123:5005/object_info_1?name=Vladimir&age=39&weight=63,212,0,103
1694072924733,196,user_info_3,200,OK,HW_1 2-13,text,true,,389,798,43,44,http://5.75.203.123:5005/user_info_3,196,0,94
1694072924729,206,object_info_1,200,OK,HW_1 2-3,text,true,,250,159,43,44,http://5.75.203.123:5005/object_info_1?name=Vladimir&age=39&weight=63,206,0,99
1694072924738,201,user_info_2,200,OK,HW_1 2-23,text,true,,491,793,43,43,http://5.75.203.123:5005/user_info_2,201,0,94
1694072924736,203,user_info_2,200,OK,HW_1 2-24,text,true,,491,793,43,43,http://5.75.203.123:5005/user_info_2,203,0,95
1694072924730,217,get_method,200,OK,HW_1 2-33,text,true,,190,146,43,43,http://5.75.203.123:5005/get_method?name=Vladimir&age=39,217,0,102
1694072924747,205,object_info_1,200,OK,HW_1 2-4,text,true,,250,159,44,44,http://5.75.203.123:5005/object_info_1?name=Vladimir&age=39&weight=63,205,0,98
1694072924746,207,user_info_3,200,OK,HW_1 2-14,text,true,,389,788,44,44,http://5.75.203.123:5005/user_info_3,207,0,99
1694072924750,211,get_method,200,OK,HW_1 2-34,text,true,,190,146,44,44,http://5.75.203.123:5005/get_method?name=Vladimir&age=39,211,0,102
1694072924777,198,object_info_1,200,OK,HW_1 2-7,text,true,,250,159,45,45,http://5.75.203.123:5005/object_info_1?name=Vladimir&age=39&weight=63,198,0,94
1694072924768,207,user_info_2,200,OK,HW_1 2-25,text,true,,491,793,45,45,http://5.75.203.123:5005/user_info_2,207,0,101
1694072924769,209,user_info_3,200,OK,HW_1 2-15,text,true,,389,763,45,45,http://5.75.203.123:5005/user_info_3,209,0,98
1694072924771,211,get_method,200,OK,HW_1 2-35,text,true,,190,146,45,45,http://5.75.203.123:5005/get_method?name=Vladimir&age=39,211,0,98
1694072924787,196,user_info_3,200,OK,HW_1 2-16,text,true,,389,773,45,45,http://5.75.203.123:5005/user_info_3,196,0,93
1694072924796,189,object_info_1,200,OK,HW_1 2-6,text,true,,250,159,45,45,http://5.75.203.123:5005/object_info_1?name=Vladimir&age=39&weight=63,189,0,89
1694072924798,191,user_info_3,200,OK,HW_1 2-17,text,true,,389,813,45,45,http://5.75.203.123:5005/user_info_3,191,0,90
1694072924791,198,user_info_2,200,OK,HW_1 2-26,text,true,,491,773,45,45,http://5.75.203.123:5005/user_info_2,198,0,93
1694072924791,201,get_method,200,OK,HW_1 2-36,text,true,,190,146,46,46,http://5.75.203.123:5005/get_method?name=Vladimir&age=39,201,0,95
1694072924803,192,object_info_1,200,OK,HW_1 2-5,text,true,,250,159,46,46,http://5.75.203.123:5005/object_info_1?name=Vladimir&age=39&weight=63,192,0,90
1694072924811,185,get_method,200,OK,HW_1 2-37,text,true,,190,146,46,46,http://5.75.203.123:5005/get_method?name=Vladimir&age=39,185,0,89
1694072924830,191,get_method,200,OK,HW_1 2-38,text,true,,190,146,47,47,http://5.75.203.123:5005/get_method?name=Vladimir&age=39,191,0,93
1694072924820,202,object_info_1,200,OK,HW_1 2-8,text,true,,250,159,47,47,http://5.75.203.123:5005/object_info_1?name=Vladimir&age=39&weight=63,202,0,98
1694072924835,189,user_info_3,200,OK,HW_1 2-19,text,true,,389,783,47,47,http://5.75.203.123:5005/user_info_3,189,0,89
1694072924826,208,user_info_3,200,OK,HW_1 2-18,text,true,,389,773,48,48,http://5.75.203.123:5005/user_info_3,208,0,95
1694072924827,210,user_info_2,200,OK,HW_1 2-27,text,true,,491,803,48,48,http://5.75.203.123:5005/user_info_2,210,0,98
1694072924851,188,get_method,200,OK,HW_1 2-39,text,true,,190,146,48,48,http://5.75.203.123:5005/get_method?name=Vladimir&age=39,188,0,90
1694072924815,236,user_info_2,200,OK,HW_1 2-28,text,true,,491,803,49,49,http://5.75.203.123:5005/user_info_2,236,0,107
1694072924866,186,user_info_2,200,OK,HW_1 2-29,text,true,,491,803,49,49,http://5.75.203.123:5005/user_info_2,186,0,90
1694072924868,184,object_info_1,200,OK,HW_1 2-10,text,true,,250,159,49,49,http://5.75.203.123:5005/object_info_1?name=Vladimir&age=39&weight=63,184,0,89
1694072924865,200,object_info_1,200,OK,HW_1 2-9,text,true,,250,159,49,49,http://5.75.203.123:5005/object_info_1?name=Vladimir&age=39&weight=63,200,0,98
1694072924871,200,get_method,200,OK,HW_1 2-40,text,true,,190,146,49,49,http://5.75.203.123:5005/get_method?name=Vladimir&age=39,200,0,96
1694072924873,200,user_info_3,200,OK,HW_1 2-20,text,true,,389,803,50,50,http://5.75.203.123:5005/user_info_3,200,0,97
1694072924876,199,user_info_2,200,OK,HW_1 2-30,text,true,,491,788,50,50,http://5.75.203.123:5005/user_info_2,199,0,94
1694072924893,195,user_info_3,200,OK,HW_1 2-21,text,true,,389,773,50,50,http://5.75.203.123:5005/user_info_3,195,0,95
1694072924895,195,object_info_1,200,OK,HW_1 2-11,text,true,,250,159,50,50,http://5.75.203.123:5005/object_info_1?name=Vladimir&age=39&weight=63,195,0,94
1694072924906,184,object_info_2,200,OK,HW_1 2-2,text,true,,491,163,50,50,http://5.75.203.123:5005/object_info_2?name=Vladimir&age=39&salary=150000,184,0,90
1694072924876,216,user_info_2,200,OK,HW_1 2-31,text,true,,491,763,50,50,http://5.75.203.123:5005/user_info_2,215,0,101
1694072924909,184,object_info_1,200,OK,HW_1 2-12,text,true,,250,159,50,50,http://5.75.203.123:5005/object_info_1?name=Vladimir&age=39&weight=63,184,0,90
1694072924910,184,object_info_2,200,OK,HW_1 2-1,text,true,,491,163,50,50,http://5.75.203.123:5005/object_info_2?name=Vladimir&age=39&salary=150000,184,0,90
1694072924894,211,user_info_3,200,OK,HW_1 2-22,text,true,,389,788,50,50,http://5.75.203.123:5005/user_info_3,211,0,103
1694072924909,199,get_method,200,OK,HW_1 2-42,text,true,,190,146,50,50,http://5.75.203.123:5005/get_method?name=Vladimir&age=39,199,0,98
1694072924890,220,get_method,200,OK,HW_1 2-41,text,true,,190,146,50,50,http://5.75.203.123:5005/get_method?name=Vladimir&age=39,220,0,111
1694072924907,206,user_info_2,200,OK,HW_1 2-32,text,true,,491,813,50,50,http://5.75.203.123:5005/user_info_2,206,0,102
1694072924929,199,get_method,200,OK,HW_1 2-43,text,true,,190,146,50,50,http://5.75.203.123:5005/get_method?name=Vladimir&age=39,199,0,98
1694072924929,201,object_info_1,200,OK,HW_1 2-13,text,true,,250,159,50,50,http://5.75.203.123:5005/object_info_1?name=Vladimir&age=39&weight=63,201,0,98
1694072924936,199,object_info_2,200,OK,HW_1 2-3,text,true,,491,163,50,50,http://5.75.203.123:5005/object_info_2?name=Vladimir&age=39&salary=150000,199,0,98
1694072924947,196,user_info_2,200,OK,HW_1 2-33,text,true,,491,808,50,50,http://5.75.203.123:5005/user_info_2,196,0,94
1694072924953,199,object_info_1,200,OK,HW_1 2-14,text,true,,250,159,50,50,http://5.75.203.123:5005/object_info_1?name=Vladimir&age=39&weight=63,199,0,93
1694072924939,219,user_info_3,200,OK,HW_1 2-24,text,true,,389,778,50,50,http://5.75.203.123:5005/user_info_3,219,0,104
1694072924975,187,user_info_3,200,OK,HW_1 2-25,text,true,,389,778,50,50,http://5.75.203.123:5005/user_info_3,187,0,91
1694072924969,195,get_method,200,OK,HW_1 2-45,text,true,,190,146,50,50,http://5.75.203.123:5005/get_method?name=Vladimir&age=39,195,0,94
1694072924939,226,user_info_3,200,OK,HW_1 2-23,text,true,,389,808,50,50,http://5.75.203.123:5005/user_info_3,226,0,106
1694072924949,218,get_method,200,OK,HW_1 2-44,text,true,,190,146,50,50,http://5.75.203.123:5005/get_method?name=Vladimir&age=39,218,0,103
1694072924952,216,object_info_2,200,OK,HW_1 2-4,text,true,,491,163,50,50,http://5.75.203.123:5005/object_info_2?name=Vladimir&age=39&salary=150000,216,0,102
1694072924989,183,object_info_1,200,OK,HW_1 2-17,text,true,,250,159,50,50,http://5.75.203.123:5005/object_info_1?name=Vladimir&age=39&weight=63,183,0,89
1694072924989,187,user_info_3,200,OK,HW_1 2-26,text,true,,389,778,50,50,http://5.75.203.123:5005/user_info_3,187,0,90
1694072924961,221,user_info_2,200,OK,HW_1 2-34,text,true,,491,778,50,50,http://5.75.203.123:5005/user_info_2,221,0,107
1694072924985,197,object_info_2,200,OK,HW_1 2-6,text,true,,491,163,50,50,http://5.75.203.123:5005/object_info_2?name=Vladimir&age=39&salary=150000,197,0,94
1694072924975,216,object_info_2,200,OK,HW_1 2-7,text,true,,491,163,50,50,http://5.75.203.123:5005/object_info_2?name=Vladimir&age=39&salary=150000,216,0,103
1694072924978,214,object_info_1,200,OK,HW_1 2-15,text,true,,250,159,50,50,http://5.75.203.123:5005/object_info_1?name=Vladimir&age=39&weight=63,214,0,102
1694072924995,197,object_info_2,200,OK,HW_1 2-5,text,true,,491,163,50,50,http://5.75.203.123:5005/object_info_2?name=Vladimir&age=39&salary=150000,197,0,91
1694072924996,202,user_info_2,200,OK,HW_1 2-37,text,true,,491,778,50,50,http://5.75.203.123:5005/user_info_2,202,0,94
1694072924991,211,get_method,200,OK,HW_1 2-46,text,true,,190,146,50,50,http://5.75.203.123:5005/get_method?name=Vladimir&age=39,211,0,97
1694072925011,193,get_method,200,OK,HW_1 2-47,text,true,,190,146,50,50,http://5.75.203.123:5005/get_method?name=Vladimir&age=39,193,0,93
1694072924992,214,user_info_2,200,OK,HW_1 2-36,text,true,,491,768,50,50,http://5.75.203.123:5005/user_info_2,214,0,98
1694072924983,224,user_info_2,200,OK,HW_1 2-35,text,true,,491,788,50,50,http://5.75.203.123:5005/user_info_2,224,0,103
1694072925021,188,user_info_2,200,OK,HW_1 2-38,text,true,,491,793,50,50,http://5.75.203.123:5005/user_info_2,188,0,91
1694072924983,230,object_info_1,200,OK,HW_1 2-16,text,true,,250,159,50,50,http://5.75.203.123:5005/object_info_1?name=Vladimir&age=39&weight=63,230,0,106
1694072925024,190,object_info_1,200,OK,HW_1 2-19,text,true,,250,159,50,50,http://5.75.203.123:5005/object_info_1?name=Vladimir&age=39&weight=63,190,0,94
1694072925034,181,object_info_1,200,OK,HW_1 2-18,text,true,,250,159,50,50,http://5.75.203.123:5005/object_info_1?name=Vladimir&age=39&weight=63,181,0,90
1694072925022,198,object_info_2,200,OK,HW_1 2-8,text,true,,491,163,50,50,http://5.75.203.123:5005/object_info_2?name=Vladimir&age=39&salary=150000,198,0,98
1694072925032,190,get_method,200,OK,HW_1 2-48,text,true,,190,146,50,50,http://5.75.203.123:5005/get_method?name=Vladimir&age=39,190,0,94
1694072925037,201,user_info_3,200,OK,HW_1 2-27,text,true,,389,773,50,50,http://5.75.203.123:5005/user_info_3,201,0,98
1694072925050,196,get_method,200,OK,HW_1 2-49,text,true,,190,146,50,50,http://5.75.203.123:5005/get_method?name=Vladimir&age=39,196,0,93
1694072925039,208,user_info_2,200,OK,HW_1 2-39,text,true,,491,773,50,50,http://5.75.203.123:5005/user_info_2,208,0,98
1694072925065,191,object_info_2,200,OK,HW_1 2-9,text,true,,491,163,50,50,http://5.75.203.123:5005/object_info_2?name=Vladimir&age=39&salary=150000,191,0,94
1694072925052,209,user_info_3,200,OK,HW_1 2-29,text,true,,389,788,50,50,http://5.75.203.123:5005/user_info_3,209,0,102
1694072925071,195,user_info_2,200,OK,HW_1 2-40,text,true,,491,763,50,50,http://5.75.203.123:5005/user_info_2,195,0,91
1694072925073,197,object_info_1,200,OK,HW_1 2-20,text,true,,250,159,50,50,http://5.75.203.123:5005/object_info_1?name=Vladimir&age=39&weight=63,197,0,91
1694072925071,203,get_method,200,OK,HW_1 2-50,text,true,,190,146,50,50,http://5.75.203.123:5005/get_method?name=Vladimir&age=39,203,0,98
1694072925075,204,user_info_3,200,OK,HW_1 2-30,text,true,,389,813,50,50,http://5.75.203.123:5005/user_info_3,204,0,98
1694072925051,230,user_info_3,200,OK,HW_1 2-28,text,true,,389,808,50,50,http://5.75.203.123:5005/user_info_3,230,0,107
1694072925090,191,object_info_2,200,OK,HW_1 2-11,text,true,,491,163,50,50,http://5.75.203.123:5005/object_info_2?name=Vladimir&age=39&salary=150000,191,0,90
1694072925052,230,object_info_2,200,OK,HW_1 2-10,text,true,,491,163,50,50,http://5.75.203.123:5005/object_info_2?name=Vladimir&age=39&salary=150000,230,0,107
1694072925093,194,object_info_2,200,OK,HW_1 2-12,text,true,,491,163,50,50,http://5.75.203.123:5005/object_info_2?name=Vladimir&age=39&salary=150000,194,0,93
1694072925090,198,object_info_3,200,OK,HW_1 2-2,text,true,,540,163,50,50,http://5.75.203.123:5005/object_info_3?name=Vladimir&age=39&salary=150000,198,0,95
1694072925094,194,object_info_3,200,OK,HW_1 2-1,text,true,,540,163,50,50,http://5.75.203.123:5005/object_info_3?name=Vladimir&age=39&salary=150000,194,0,93
1694072925088,203,object_info_1,200,OK,HW_1 2-21,text,true,,250,159,50,50,http://5.75.203.123:5005/object_info_1?name=Vladimir&age=39&weight=63,203,0,97
1694072925092,203,user_info_3,200,OK,HW_1 2-31,text,true,,389,808,50,50,http://5.75.203.123:5005/user_info_3,203,0,97
1694072925108,198,user_info_2,200,OK,HW_1 2-42,text,true,,491,808,50,50,http://5.75.203.123:5005/user_info_2,198,0,95
1694072925105,209,object_info_1,200,OK,HW_1 2-22,text,true,,250,159,50,50,http://5.75.203.123:5005/object_info_1?name=Vladimir&age=39&weight=63,209,0,98
1694072925110,211,user_info_2,200,OK,HW_1 2-41,text,true,,491,778,50,50,http://5.75.203.123:5005/user_info_2,211,0,99
1694072925135,189,object_info_3,200,OK,HW_1 2-3,text,true,,540,163,50,50,http://5.75.203.123:5005/object_info_3?name=Vladimir&age=39&salary=150000,189,0,90
1694072925130,194,object_info_2,200,OK,HW_1 2-13,text,true,,491,163,50,50,http://5.75.203.123:5005/object_info_2?name=Vladimir&age=39&salary=150000,194,0,90
1694072925113,215,user_info_3,200,OK,HW_1 2-32,text,true,,389,763,50,50,http://5.75.203.123:5005/user_info_3,215,0,102
1694072925128,210,user_info_2,200,OK,HW_1 2-43,text,true,,491,768,50,50,http://5.75.203.123:5005/user_info_2,210,0,98
1694072925152,193,object_info_2,200,OK,HW_1 2-14,text,true,,491,163,50,50,http://5.75.203.123:5005/object_info_2?name=Vladimir&age=39&salary=150000,193,0,93
1694072925143,202,user_info_3,200,OK,HW_1 2-33,text,true,,389,778,50,50,http://5.75.203.123:5005/user_info_3,202,0,99
1694072925168,181,object_info_3,200,OK,HW_1 2-4,text,true,,540,163,50,50,http://5.75.203.123:5005/object_info_3?name=Vladimir&age=39&salary=150000,181,0,89
1694072925162,190,object_info_1,200,OK,HW_1 2-25,text,true,,250,159,50,50,http://5.75.203.123:5005/object_info_1?name=Vladimir&age=39&weight=63,190,0,93
1694072925165,194,user_info_2,200,OK,HW_1 2-45,text,true,,491,773,50,50,http://5.75.203.123:5005/user_info_2,194,0,94
1694072925172,189,object_info_2,200,OK,HW_1 2-17,text,true,,491,163,50,50,http://5.75.203.123:5005/object_info_2?name=Vladimir&age=39&salary=150000,189,0,90
1694072925158,204,object_info_1,200,OK,HW_1 2-24,text,true,,250,159,50,50,http://5.75.203.123:5005/object_info_1?name=Vladimir&age=39&weight=63,204,0,98
1694072925176,187,object_info_1,200,OK,HW_1 2-26,text,true,,250,159,50,50,http://5.75.203.123:5005/object_info_1?name=Vladimir&age=39&weight=63,187,0,90
1694072925182,184,user_info_3,200,OK,HW_1 2-34,text,true,,389,778,50,50,http://5.75.203.123:5005/user_info_3,184,0,89
1694072925182,187,object_info_3,200,OK,HW_1 2-6,text,true,,540,163,50,50,http://5.75.203.123:5005/object_info_3?name=Vladimir&age=39&salary=150000,187,0,90
1694072925165,210,object_info_1,200,OK,HW_1 2-23,text,true,,250,159,50,50,http://5.75.203.123:5005/object_info_1?name=Vladimir&age=39&weight=63,210,0,101
1694072925167,212,user_info_2,200,OK,HW_1 2-44,text,true,,491,763,50,50,http://5.75.203.123:5005/user_info_2,212,0,102
1694072925198,183,user_info_3,200,OK,HW_1 2-37,text,true,,389,783,50,50,http://5.75.203.123:5005/user_info_3,183,0,90
1694072925192,193,object_info_3,200,OK,HW_1 2-5,text,true,,540,163,50,50,http://5.75.203.123:5005/object_info_3?name=Vladimir&age=39&salary=150000,193,0,95
1694072925192,194,object_info_2,200,OK,HW_1 2-15,text,true,,491,163,50,50,http://5.75.203.123:5005/object_info_2?name=Vladimir&age=39&salary=150000,194,0,95
1694072925191,196,object_info_3,200,OK,HW_1 2-7,text,true,,540,163,50,50,http://5.75.203.123:5005/object_info_3?name=Vladimir&age=39&salary=150000,196,0,96
1694072925209,187,user_info_3,200,OK,HW_1 2-38,text,true,,389,808,50,50,http://5.75.203.123:5005/user_info_3,187,0,91
1694072925204,201,user_info_2,200,OK,HW_1 2-47,text,true,,491,783,50,50,http://5.75.203.123:5005/user_info_2,201,0,98
1694072925214,191,object_info_2,200,OK,HW_1 2-19,text,true,,491,163,50,50,http://5.75.203.123:5005/object_info_2?name=Vladimir&age=39&salary=150000,191,0,93
1694072925222,192,user_info_2,200,OK,HW_1 2-48,text,true,,491,788,50,50,http://5.75.203.123:5005/user_info_2,192,0,90
1694072925213,205,object_info_2,200,OK,HW_1 2-16,text,true,,491,163,50,50,http://5.75.203.123:5005/object_info_2?name=Vladimir&age=39&salary=150000,205,0,95
1694072925206,212,user_info_3,200,OK,HW_1 2-36,text,true,,389,788,50,50,http://5.75.203.123:5005/user_info_3,212,0,101
1694072925202,220,user_info_2,200,OK,HW_1 2-46,text,true,,491,768,50,50,http://5.75.203.123:5005/user_info_2,220,0,102
1694072925220,204,object_info_3,200,OK,HW_1 2-8,text,true,,540,163,50,50,http://5.75.203.123:5005/object_info_3?name=Vladimir&age=39&salary=150000,204,0,99
1694072925207,219,user_info_3,200,OK,HW_1 2-35,text,true,,389,808,50,50,http://5.75.203.123:5005/user_info_3,219,0,102
1694072925215,213,object_info_2,200,OK,HW_1 2-18,text,true,,491,163,50,50,http://5.75.203.123:5005/object_info_2?name=Vladimir&age=39&salary=150000,213,0,103
1694072925247,191,user_info_3,200,OK,HW_1 2-39,text,true,,389,798,50,50,http://5.75.203.123:5005/user_info_3,191,0,89
1694072925238,200,object_info_1,200,OK,HW_1 2-27,text,true,,250,159,50,50,http://5.75.203.123:5005/object_info_1?name=Vladimir&age=39&weight=63,199,0,98
1694072925246,200,user_info_2,200,OK,HW_1 2-49,text,true,,491,808,50,50,http://5.75.203.123:5005/user_info_2,200,0,98
1694072925256,197,object_info_3,200,OK,HW_1 2-9,text,true,,540,163,50,50,http://5.75.203.123:5005/object_info_3?name=Vladimir&age=39&salary=150000,197,0,98
1694072925281,193,object_info_1,200,OK,HW_1 2-28,text,true,,250,159,50,50,http://5.75.203.123:5005/object_info_1?name=Vladimir&age=39&weight=63,193,0,89
1694072925291,187,object_info_2,200,OK,HW_1 2-21,text,true,,491,163,50,50,http://5.75.203.123:5005/object_info_2?name=Vladimir&age=39&salary=150000,187,0,89
1694072925270,209,object_info_2,200,OK,HW_1 2-20,text,true,,491,163,50,50,http://5.75.203.123:5005/object_info_2?name=Vladimir&age=39&salary=150000,209,0,97
1694072925261,218,object_info_1,200,OK,HW_1 2-29,text,true,,250,159,50,50,http://5.75.203.123:5005/object_info_1?name=Vladimir&age=39&weight=63,218,0,103
1694072925266,215,user_info_3,200,OK,HW_1 2-40,text,true,,389,768,50,50,http://5.75.203.123:5005/user_info_3,215,0,102
1694072925287,205,object_info_3,200,OK,HW_1 2-12,text,true,,540,163,50,50,http://5.75.203.123:5005/object_info_3?name=Vladimir&age=39&salary=150000,205,0,94
1694072925279,215,object_info_1,200,OK,HW_1 2-30,text,true,,250,159,50,50,http://5.75.203.123:5005/object_info_1?name=Vladimir&age=39&weight=63,215,0,99
1694072925274,222,user_info_2,200,OK,HW_1 2-50,text,true,,491,793,50,50,http://5.75.203.123:5005/user_info_2,222,0,102
1694072925288,210,object_info_4,200,OK,HW_1 2-1,text,true,,261,163,50,50,http://5.75.203.123:5005/object_info_4?name=Vladimir&age=39&salary=150000,210,0,95
1694072925282,217,object_info_3,200,OK,HW_1 2-10,text,true,,540,163,49,49,http://5.75.203.123:5005/object_info_3?name=Vladimir&age=39&salary=150000,217,0,97
1694072925295,206,object_info_1,200,OK,HW_1 2-31,text,true,,250,159,49,49,http://5.75.203.123:5005/object_info_1?name=Vladimir&age=39&weight=63,206,0,93
1694072925288,215,object_info_4,200,OK,HW_1 2-2,text,true,,261,163,49,49,http://5.75.203.123:5005/object_info_4?name=Vladimir&age=39&salary=150000,215,0,98
1694072925324,184,object_info_3,200,OK,HW_1 2-13,text,true,,540,163,48,48,http://5.75.203.123:5005/object_info_3?name=Vladimir&age=39&salary=150000,184,0,90
1694072925281,232,object_info_3,200,OK,HW_1 2-11,text,true,,540,163,48,48,http://5.75.203.123:5005/object_info_3?name=Vladimir&age=39&salary=150000,232,0,107
1694072925328,186,object_info_1,200,OK,HW_1 2-32,text,true,,250,159,48,48,http://5.75.203.123:5005/object_info_1?name=Vladimir&age=39&weight=63,186,0,91
1694072925321,197,user_info_3,200,OK,HW_1 2-41,text,true,,389,798,48,48,http://5.75.203.123:5005/user_info_3,197,0,95
1694072925306,213,user_info_3,200,OK,HW_1 2-42,text,true,,389,783,48,48,http://5.75.203.123:5005/user_info_3,213,0,101
1694072925314,210,object_info_2,200,OK,HW_1 2-22,text,true,,491,163,48,48,http://5.75.203.123:5005/object_info_2?name=Vladimir&age=39&salary=150000,210,0,102
1694072925324,202,object_info_4,200,OK,HW_1 2-3,text,true,,261,163,48,48,http://5.75.203.123:5005/object_info_4?name=Vladimir&age=39&salary=150000,202,0,98
1694072925349,184,object_info_4,200,OK,HW_1 2-4,text,true,,261,163,47,47,http://5.75.203.123:5005/object_info_4?name=Vladimir&age=39&salary=150000,184,0,89
1694072925339,194,user_info_3,200,OK,HW_1 2-43,text,true,,389,763,46,46,http://5.75.203.123:5005/user_info_3,194,0,94
1694072925345,192,object_info_3,200,OK,HW_1 2-14,text,true,,540,163,46,46,http://5.75.203.123:5005/object_info_3?name=Vladimir&age=39&salary=150000,191,0,94
1694072925345,192,object_info_1,200,OK,HW_1 2-33,text,true,,250,159,46,46,http://5.75.203.123:5005/object_info_1?name=Vladimir&age=39&weight=63,192,0,94
1694072925352,192,object_info_2,200,OK,HW_1 2-25,text,true,,491,163,46,46,http://5.75.203.123:5005/object_info_2?name=Vladimir&age=39&salary=150000,192,0,93
1694072925362,183,object_info_2,200,OK,HW_1 2-24,text,true,,491,163,46,46,http://5.75.203.123:5005/object_info_2?name=Vladimir&age=39&salary=150000,183,0,90
1694072925361,193,object_info_3,200,OK,HW_1 2-17,text,true,,540,163,46,46,http://5.75.203.123:5005/object_info_3?name=Vladimir&age=39&salary=150000,193,0,95
1694072925367,191,object_info_1,200,OK,HW_1 2-34,text,true,,250,159,46,46,http://5.75.203.123:5005/object_info_1?name=Vladimir&age=39&weight=63,191,0,93
1694072925363,198,object_info_2,200,OK,HW_1 2-26,text,true,,491,163,46,46,http://5.75.203.123:5005/object_info_2?name=Vladimir&age=39&salary=150000,198,0,98
1694072925387,186,object_info_4,200,OK,HW_1 2-7,text,true,,261,163,46,46,http://5.75.203.123:5005/object_info_4?name=Vladimir&age=39&salary=150000,186,0,90
1694072925375,203,object_info_2,200,OK,HW_1 2-23,text,true,,491,163,45,45,http://5.75.203.123:5005/object_info_2?name=Vladimir&age=39&salary=150000,203,0,98
1694072925359,219,user_info_3,200,OK,HW_1 2-45,text,true,,389,798,45,45,http://5.75.203.123:5005/user_info_3,219,0,107
1694072925386,195,object_info_3,200,OK,HW_1 2-15,text,true,,540,163,45,45,http://5.75.203.123:5005/object_info_3?name=Vladimir&age=39&salary=150000,195,0,93
1694072925405,186,object_info_3,200,OK,HW_1 2-19,text,true,,540,163,45,45,http://5.75.203.123:5005/object_info_3?name=Vladimir&age=39&salary=150000,186,0,91
1694072925385,207,object_info_4,200,OK,HW_1 2-5,text,true,,261,163,45,45,http://5.75.203.123:5005/object_info_4?name=Vladimir&age=39&salary=150000,207,0,98
1694072925381,212,object_info_1,200,OK,HW_1 2-37,text,true,,250,159,44,44,http://5.75.203.123:5005/object_info_1?name=Vladimir&age=39&weight=63,212,0,99
1694072925396,199,object_info_1,200,OK,HW_1 2-38,text,true,,250,159,44,44,http://5.75.203.123:5005/object_info_1?name=Vladimir&age=39&weight=63,199,0,98
1694072925369,226,object_info_4,200,OK,HW_1 2-6,text,true,,261,163,44,44,http://5.75.203.123:5005/object_info_4?name=Vladimir&age=39&salary=150000,226,0,108
1694072925379,217,user_info_3,200,OK,HW_1 2-44,text,true,,389,798,43,43,http://5.75.203.123:5005/user_info_3,217,0,103
1694072925414,184,user_info_3,200,OK,HW_1 2-48,text,true,,389,798,43,43,http://5.75.203.123:5005/user_info_3,184,0,90
1694072925418,181,object_info_3,200,OK,HW_1 2-16,text,true,,540,163,43,43,http://5.75.203.123:5005/object_info_3?name=Vladimir&age=39&salary=150000,181,0,89
1694072925405,201,user_info_3,200,OK,HW_1 2-47,text,true,,389,808,43,43,http://5.75.203.123:5005/user_info_3,201,0,99
1694072925418,191,object_info_1,200,OK,HW_1 2-36,text,true,,250,159,43,43,http://5.75.203.123:5005/object_info_1?name=Vladimir&age=39&weight=63,191,0,94
1694072925422,190,user_info_3,200,OK,HW_1 2-46,text,true,,389,788,43,43,http://5.75.203.123:5005/user_info_3,190,0,94
1694072925424,195,object_info_4,200,OK,HW_1 2-8,text,true,,261,163,43,43,http://5.75.203.123:5005/object_info_4?name=Vladimir&age=39&salary=150000,195,0,95
1694072925426,202,object_info_1,200,OK,HW_1 2-35,text,true,,250,159,42,42,http://5.75.203.123:5005/object_info_1?name=Vladimir&age=39&weight=63,202,0,99
1694072925428,201,object_info_3,200,OK,HW_1 2-18,text,true,,540,163,42,42,http://5.75.203.123:5005/object_info_3?name=Vladimir&age=39&salary=150000,201,0,98
1694072925440,189,object_info_2,200,OK,HW_1 2-27,text,true,,491,163,42,42,http://5.75.203.123:5005/object_info_2?name=Vladimir&age=39&salary=150000,189,0,93
1694072925453,190,object_info_4,200,OK,HW_1 2-9,text,true,,261,163,42,42,http://5.75.203.123:5005/object_info_4?name=Vladimir&age=39&salary=150000,190,0,94
1694072925440,206,object_info_1,200,OK,HW_1 2-39,text,true,,250,159,41,41,http://5.75.203.123:5005/object_info_1?name=Vladimir&age=39&weight=63,206,0,101
1694072925447,211,user_info_3,200,OK,HW_1 2-49,text,true,,389,778,41,41,http://5.75.203.123:5005/user_info_3,211,0,102
1694072925478,181,object_info_3,200,OK,HW_1 2-21,text,true,,540,163,41,41,http://5.75.203.123:5005/object_info_3?name=Vladimir&age=39&salary=150000,181,0,89
1694072925474,200,object_info_2,200,OK,HW_1 2-28,text,true,,491,163,41,41,http://5.75.203.123:5005/object_info_2?name=Vladimir&age=39&salary=150000,200,0,98
1694072925479,195,object_info_3,200,OK,HW_1 2-20,text,true,,540,163,41,41,http://5.75.203.123:5005/object_info_3?name=Vladimir&age=39&salary=150000,195,0,95
1694072925492,185,object_info_4,200,OK,HW_1 2-12,text,true,,261,163,41,41,http://5.75.203.123:5005/object_info_4?name=Vladimir&age=39&salary=150000,185,0,89
1694072925479,199,object_info_2,200,OK,HW_1 2-29,text,true,,491,163,40,40,http://5.75.203.123:5005/object_info_2?name=Vladimir&age=39&salary=150000,199,0,95
1694072925496,193,user_info_3,200,OK,HW_1 2-50,text,true,,389,803,40,40,http://5.75.203.123:5005/user_info_3,193,0,93
1694072925481,208,object_info_1,200,OK,HW_1 2-40,text,true,,250,159,40,40,http://5.75.203.123:5005/object_info_1?name=Vladimir&age=39&weight=63,208,0,98
1694072925501,189,object_info_2,200,OK,HW_1 2-31,text,true,,491,163,40,40,http://5.75.203.123:5005/object_info_2?name=Vladimir&age=39&salary=150000,189,0,89
1694072925495,198,object_info_2,200,OK,HW_1 2-30,text,true,,491,163,40,40,http://5.75.203.123:5005/object_info_2?name=Vladimir&age=39&salary=150000,197,0,95
1694072925499,196,object_info_4,200,OK,HW_1 2-10,text,true,,261,163,40,40,http://5.75.203.123:5005/object_info_4?name=Vladimir&age=39&salary=150000,196,0,93
1694072925513,191,object_info_4,200,OK,HW_1 2-11,text,true,,261,163,39,39,http://5.75.203.123:5005/object_info_4?name=Vladimir&age=39&salary=150000,191,0,93
1694072925508,198,object_info_4,200,OK,HW_1 2-13,text,true,,261,163,38,38,http://5.75.203.123:5005/object_info_4?name=Vladimir&age=39&salary=150000,198,0,98
1694072925519,196,object_info_1,200,OK,HW_1 2-42,text,true,,250,159,37,37,http://5.75.203.123:5005/object_info_1?name=Vladimir&age=39&weight=63,196,0,96
1694072925514,203,object_info_2,200,OK,HW_1 2-32,text,true,,491,163,37,37,http://5.75.203.123:5005/object_info_2?name=Vladimir&age=39&salary=150000,203,0,97
1694072925518,204,object_info_1,200,OK,HW_1 2-41,text,true,,250,159,37,37,http://5.75.203.123:5005/object_info_1?name=Vladimir&age=39&weight=63,204,0,99
1694072925537,191,object_info_2,200,OK,HW_1 2-33,text,true,,491,163,37,37,http://5.75.203.123:5005/object_info_2?name=Vladimir&age=39&salary=150000,191,0,94
1694072925524,206,object_info_3,200,OK,HW_1 2-22,text,true,,540,163,37,37,http://5.75.203.123:5005/object_info_3?name=Vladimir&age=39&salary=150000,206,0,102
1694072925533,200,object_info_1,200,OK,HW_1 2-43,text,true,,250,159,37,37,http://5.75.203.123:5005/object_info_1?name=Vladimir&age=39&weight=63,199,0,98
1694072925537,199,object_info_4,200,OK,HW_1 2-14,text,true,,261,163,37,37,http://5.75.203.123:5005/object_info_4?name=Vladimir&age=39&salary=150000,199,0,97
1694072925545,193,object_info_3,200,OK,HW_1 2-24,text,true,,540,163,36,36,http://5.75.203.123:5005/object_info_3?name=Vladimir&age=39&salary=150000,193,0,95
1694072925544,201,object_info_3,200,OK,HW_1 2-25,text,true,,540,163,36,36,http://5.75.203.123:5005/object_info_3?name=Vladimir&age=39&salary=150000,201,0,97
1694072925558,191,object_info_2,200,OK,HW_1 2-34,text,true,,491,163,36,36,http://5.75.203.123:5005/object_info_2?name=Vladimir&age=39&salary=150000,191,0,94
1694072925561,189,object_info_3,200,OK,HW_1 2-26,text,true,,540,163,36,36,http://5.75.203.123:5005/object_info_3?name=Vladimir&age=39&salary=150000,189,0,94
1694072925578,191,object_info_1,200,OK,HW_1 2-45,text,true,,250,159,36,36,http://5.75.203.123:5005/object_info_1?name=Vladimir&age=39&weight=63,191,0,94
1694072925554,215,object_info_4,200,OK,HW_1 2-17,text,true,,261,163,36,36,http://5.75.203.123:5005/object_info_4?name=Vladimir&age=39&salary=150000,215,0,106
1694072925581,190,object_info_4,200,OK,HW_1 2-15,text,true,,261,163,35,35,http://5.75.203.123:5005/object_info_4?name=Vladimir&age=39&salary=150000,190,0,94
1694072925595,181,object_info_2,200,OK,HW_1 2-38,text,true,,491,163,34,34,http://5.75.203.123:5005/object_info_2?name=Vladimir&age=39&salary=150000,181,0,90
1694072925578,198,object_info_3,200,OK,HW_1 2-23,text,true,,540,163,34,34,http://5.75.203.123:5005/object_info_3?name=Vladimir&age=39&salary=150000,198,0,99
1694072925591,189,object_info_4,200,OK,HW_1 2-19,text,true,,261,163,34,34,http://5.75.203.123:5005/object_info_4?name=Vladimir&age=39&salary=150000,189,0,93
1694072925598,188,object_info_1,200,OK,HW_1 2-48,text,true,,250,159,33,33,http://5.75.203.123:5005/object_info_1?name=Vladimir&age=39&weight=63,188,0,93
1694072925609,181,object_info_2,200,OK,HW_1 2-36,text,true,,491,163,33,33,http://5.75.203.123:5005/object_info_2?name=Vladimir&age=39&salary=150000,181,0,89
1694072925593,197,object_info_2,200,OK,HW_1 2-37,text,true,,491,163,33,33,http://5.75.203.123:5005/object_info_2?name=Vladimir&age=39&salary=150000,197,0,98
1694072925596,195,object_info_1,200,OK,HW_1 2-44,text,true,,250,159,33,33,http://5.75.203.123:5005/object_info_1?name=Vladimir&age=39&weight=63,195,0,95
1694072925612,184,object_info_1,200,OK,HW_1 2-46,text,true,,250,159,33,33,http://5.75.203.123:5005/object_info_1?name=Vladimir&age=39&weight=63,184,0,90
1694072925599,200,object_info_4,200,OK,HW_1 2-16,text,true,,261,163,33,33,http://5.75.203.123:5005/object_info_4?name=Vladimir&age=39&salary=150000,200,0,98
1694072925628,184,object_info_2,200,OK,HW_1 2-35,text,true,,491,163,32,32,http://5.75.203.123:5005/object_info_2?name=Vladimir&age=39&salary=150000,184,0,90
1694072925629,191,object_info_4,200,OK,HW_1 2-18,text,true,,261,163,32,32,http://5.75.203.123:5005/object_info_4?name=Vladimir&age=39&salary=150000,191,0,94
1694072925629,192,object_info_3,200,OK,HW_1 2-27,text,true,,540,163,31,31,http://5.75.203.123:5005/object_info_3?name=Vladimir&age=39&salary=150000,192,0,94
1694072925606,217,object_info_1,200,OK,HW_1 2-47,text,true,,250,159,31,31,http://5.75.203.123:5005/object_info_1?name=Vladimir&age=39&weight=63,217,0,107
1694072925658,189,object_info_1,200,OK,HW_1 2-49,text,true,,250,159,31,31,http://5.75.203.123:5005/object_info_1?name=Vladimir&age=39&weight=63,189,0,93
1694072925646,201,object_info_2,200,OK,HW_1 2-39,text,true,,491,163,31,31,http://5.75.203.123:5005/object_info_2?name=Vladimir&age=39&salary=150000,201,0,98
1694072925674,183,object_info_3,200,OK,HW_1 2-28,text,true,,540,163,31,31,http://5.75.203.123:5005/object_info_3?name=Vladimir&age=39&salary=150000,183,0,89
1694072925660,199,object_info_4,200,OK,HW_1 2-21,text,true,,261,163,31,31,http://5.75.203.123:5005/object_info_4?name=Vladimir&age=39&salary=150000,199,0,97
1694072925689,191,object_info_2,200,OK,HW_1 2-40,text,true,,491,163,30,30,http://5.75.203.123:5005/object_info_2?name=Vladimir&age=39&salary=150000,190,0,94
1694072925678,202,object_info_3,200,OK,HW_1 2-29,text,true,,540,163,30,30,http://5.75.203.123:5005/object_info_3?name=Vladimir&age=39&salary=150000,202,0,99
1694072925690,194,object_info_3,200,OK,HW_1 2-31,text,true,,540,163,30,30,http://5.75.203.123:5005/object_info_3?name=Vladimir&age=39&salary=150000,194,0,94
1694072925693,198,object_info_3,200,OK,HW_1 2-30,text,true,,540,163,30,30,http://5.75.203.123:5005/object_info_3?name=Vladimir&age=39&salary=150000,198,0,97
1694072925674,218,object_info_4,200,OK,HW_1 2-20,text,true,,261,163,30,30,http://5.75.203.123:5005/object_info_4?name=Vladimir&age=39&salary=150000,218,0,106
1694072925689,204,object_info_1,200,OK,HW_1 2-50,text,true,,250,159,29,29,http://5.75.203.123:5005/object_info_1?name=Vladimir&age=39&weight=63,204,0,99
1694072925728,182,object_info_3,200,OK,HW_1 2-33,text,true,,540,163,29,29,http://5.75.203.123:5005/object_info_3?name=Vladimir&age=39&salary=150000,182,0,89
1694072925722,192,object_info_2,200,OK,HW_1 2-41,text,true,,491,163,29,29,http://5.75.203.123:5005/object_info_2?name=Vladimir&age=39&salary=150000,192,0,94
1694072925717,199,object_info_3,200,OK,HW_1 2-32,text,true,,540,163,29,29,http://5.75.203.123:5005/object_info_3?name=Vladimir&age=39&salary=150000,199,0,98
1694072925730,194,object_info_4,200,OK,HW_1 2-22,text,true,,261,163,29,29,http://5.75.203.123:5005/object_info_4?name=Vladimir&age=39&salary=150000,194,0,95
1694072925733,191,object_info_2,200,OK,HW_1 2-43,text,true,,491,163,28,28,http://5.75.203.123:5005/object_info_2?name=Vladimir&age=39&salary=150000,191,0,94
1694072925715,210,object_info_2,200,OK,HW_1 2-42,text,true,,491,163,28,28,http://5.75.203.123:5005/object_info_2?name=Vladimir&age=39&salary=150000,210,0,102
1694072925745,184,object_info_4,200,OK,HW_1 2-25,text,true,,261,163,28,28,http://5.75.203.123:5005/object_info_4?name=Vladimir&age=39&salary=150000,184,0,89
1694072925738,192,object_info_4,200,OK,HW_1 2-24,text,true,,261,163,27,27,http://5.75.203.123:5005/object_info_4?name=Vladimir&age=39&salary=150000,192,0,94
1694072925749,190,object_info_3,200,OK,HW_1 2-34,text,true,,540,163,26,26,http://5.75.203.123:5005/object_info_3?name=Vladimir&age=39&salary=150000,190,0,94
1694072925750,192,object_info_4,200,OK,HW_1 2-26,text,true,,261,163,26,26,http://5.75.203.123:5005/object_info_4?name=Vladimir&age=39&salary=150000,192,0,95
1694072925769,189,object_info_2,200,OK,HW_1 2-45,text,true,,491,163,25,25,http://5.75.203.123:5005/object_info_2?name=Vladimir&age=39&salary=150000,189,0,93
1694072925790,186,object_info_3,200,OK,HW_1 2-37,text,true,,540,163,25,25,http://5.75.203.123:5005/object_info_3?name=Vladimir&age=39&salary=150000,186,0,90
1694072925776,201,object_info_3,200,OK,HW_1 2-38,text,true,,540,163,25,25,http://5.75.203.123:5005/object_info_3?name=Vladimir&age=39&salary=150000,201,0,98
1694072925786,193,object_info_2,200,OK,HW_1 2-48,text,true,,491,163,25,25,http://5.75.203.123:5005/object_info_2?name=Vladimir&age=39&salary=150000,193,0,95
1694072925776,209,object_info_4,200,OK,HW_1 2-23,text,true,,261,163,25,25,http://5.75.203.123:5005/object_info_4?name=Vladimir&age=39&salary=150000,209,0,101
1694072925791,198,object_info_2,200,OK,HW_1 2-44,text,true,,491,163,24,24,http://5.75.203.123:5005/object_info_2?name=Vladimir&age=39&salary=150000,198,0,98
1694072925790,202,object_info_3,200,OK,HW_1 2-36,text,true,,540,163,24,24,http://5.75.203.123:5005/object_info_3?name=Vladimir&age=39&salary=150000,201,0,99
1694072925796,198,object_info_2,200,OK,HW_1 2-46,text,true,,491,163,24,24,http://5.75.203.123:5005/object_info_2?name=Vladimir&age=39&salary=150000,198,0,98
1694072925821,183,object_info_4,200,OK,HW_1 2-27,text,true,,261,163,24,24,http://5.75.203.123:5005/object_info_4?name=Vladimir&age=39&salary=150000,183,0,89
1694072925812,207,object_info_3,200,OK,HW_1 2-35,text,true,,540,163,23,23,http://5.75.203.123:5005/object_info_3?name=Vladimir&age=39&salary=150000,207,0,101
1694072925823,208,object_info_2,200,OK,HW_1 2-47,text,true,,491,163,23,23,http://5.75.203.123:5005/object_info_2?name=Vladimir&age=39&salary=150000,208,0,103
1694072925847,193,object_info_3,200,OK,HW_1 2-39,text,true,,540,163,23,23,http://5.75.203.123:5005/object_info_3?name=Vladimir&age=39&salary=150000,193,0,95
1694072925847,209,object_info_2,200,OK,HW_1 2-49,text,true,,491,163,23,23,http://5.75.203.123:5005/object_info_2?name=Vladimir&age=39&salary=150000,209,0,103
1694072925857,206,object_info_4,200,OK,HW_1 2-28,text,true,,261,163,23,23,http://5.75.203.123:5005/object_info_4?name=Vladimir&age=39&salary=150000,206,0,102
1694072925891,185,object_info_4,200,OK,HW_1 2-30,text,true,,261,163,22,22,http://5.75.203.123:5005/object_info_4?name=Vladimir&age=39&salary=150000,185,0,89
1694072925880,196,object_info_3,200,OK,HW_1 2-40,text,true,,540,163,21,21,http://5.75.203.123:5005/object_info_3?name=Vladimir&age=39&salary=150000,196,0,94
1694072925893,185,object_info_2,200,OK,HW_1 2-50,text,true,,491,163,21,21,http://5.75.203.123:5005/object_info_2?name=Vladimir&age=39&salary=150000,185,0,89
1694072925884,197,object_info_4,200,OK,HW_1 2-31,text,true,,261,163,21,21,http://5.75.203.123:5005/object_info_4?name=Vladimir&age=39&salary=150000,197,0,94
1694072925880,205,object_info_4,200,OK,HW_1 2-29,text,true,,261,163,20,20,http://5.75.203.123:5005/object_info_4?name=Vladimir&age=39&salary=150000,205,0,98
1694072925910,182,object_info_4,200,OK,HW_1 2-33,text,true,,261,163,19,19,http://5.75.203.123:5005/object_info_4?name=Vladimir&age=39&salary=150000,182,0,90
1694072925924,185,object_info_3,200,OK,HW_1 2-43,text,true,,540,163,18,18,http://5.75.203.123:5005/object_info_3?name=Vladimir&age=39&salary=150000,185,0,90
1694072925925,192,object_info_3,200,OK,HW_1 2-42,text,true,,540,163,18,18,http://5.75.203.123:5005/object_info_3?name=Vladimir&age=39&salary=150000,192,0,93
1694072925916,207,object_info_4,200,OK,HW_1 2-32,text,true,,261,163,18,18,http://5.75.203.123:5005/object_info_4?name=Vladimir&age=39&salary=150000,207,0,101
1694072925914,209,object_info_3,200,OK,HW_1 2-41,text,true,,540,163,17,17,http://5.75.203.123:5005/object_info_3?name=Vladimir&age=39&salary=150000,209,0,101
1694072925943,189,object_info_4,200,OK,HW_1 2-34,text,true,,261,163,17,17,http://5.75.203.123:5005/object_info_4?name=Vladimir&age=39&salary=150000,189,0,93
1694072925958,183,object_info_3,200,OK,HW_1 2-45,text,true,,540,163,16,16,http://5.75.203.123:5005/object_info_3?name=Vladimir&age=39&salary=150000,183,0,90
1694072925980,182,object_info_3,200,OK,HW_1 2-48,text,true,,540,163,16,16,http://5.75.203.123:5005/object_info_3?name=Vladimir&age=39&salary=150000,182,0,89
1694072925976,193,object_info_4,200,OK,HW_1 2-37,text,true,,261,163,16,16,http://5.75.203.123:5005/object_info_4?name=Vladimir&age=39&salary=150000,193,0,95
1694072925977,201,object_info_4,200,OK,HW_1 2-38,text,true,,261,163,15,15,http://5.75.203.123:5005/object_info_4?name=Vladimir&age=39&salary=150000,201,0,98
1694072925989,189,object_info_3,200,OK,HW_1 2-44,text,true,,540,163,15,15,http://5.75.203.123:5005/object_info_3?name=Vladimir&age=39&salary=150000,189,0,93
1694072925994,193,object_info_3,200,OK,HW_1 2-46,text,true,,540,163,14,14,http://5.75.203.123:5005/object_info_3?name=Vladimir&age=39&salary=150000,193,0,96
1694072925992,215,object_info_4,200,OK,HW_1 2-36,text,true,,261,163,14,14,http://5.75.203.123:5005/object_info_4?name=Vladimir&age=39&salary=150000,215,0,106
1694072926019,208,object_info_4,200,OK,HW_1 2-35,text,true,,261,163,13,13,http://5.75.203.123:5005/object_info_4?name=Vladimir&age=39&salary=150000,208,0,103
1694072926031,199,object_info_3,200,OK,HW_1 2-47,text,true,,540,163,12,12,http://5.75.203.123:5005/object_info_3?name=Vladimir&age=39&salary=150000,199,0,98
1694072926056,182,object_info_3,200,OK,HW_1 2-49,text,true,,540,163,12,12,http://5.75.203.123:5005/object_info_3?name=Vladimir&age=39&salary=150000,182,0,90
1694072926040,202,object_info_4,200,OK,HW_1 2-39,text,true,,261,163,12,12,http://5.75.203.123:5005/object_info_4?name=Vladimir&age=39&salary=150000,202,0,98
1694072926078,200,object_info_3,200,OK,HW_1 2-50,text,true,,540,163,11,11,http://5.75.203.123:5005/object_info_3?name=Vladimir&age=39&salary=150000,200,0,98
1694072926076,207,object_info_4,200,OK,HW_1 2-40,text,true,,261,163,11,11,http://5.75.203.123:5005/object_info_4?name=Vladimir&age=39&salary=150000,207,0,103
1694072926117,184,object_info_4,200,OK,HW_1 2-42,text,true,,261,163,10,10,http://5.75.203.123:5005/object_info_4?name=Vladimir&age=39&salary=150000,184,0,91
1694072926109,195,object_info_4,200,OK,HW_1 2-43,text,true,,261,163,9,9,http://5.75.203.123:5005/object_info_4?name=Vladimir&age=39&salary=150000,195,0,96
1694072926123,191,object_info_4,200,OK,HW_1 2-41,text,true,,261,163,8,8,http://5.75.203.123:5005/object_info_4?name=Vladimir&age=39&salary=150000,191,0,95
1694072926141,189,object_info_4,200,OK,HW_1 2-45,text,true,,261,163,7,7,http://5.75.203.123:5005/object_info_4?name=Vladimir&age=39&salary=150000,189,0,93
1694072926178,182,object_info_4,200,OK,HW_1 2-44,text,true,,261,163,6,6,http://5.75.203.123:5005/object_info_4?name=Vladimir&age=39&salary=150000,182,0,89
1694072926162,207,object_info_4,200,OK,HW_1 2-48,text,true,,261,163,5,5,http://5.75.203.123:5005/object_info_4?name=Vladimir&age=39&salary=150000,207,0,102
1694072926187,192,object_info_4,200,OK,HW_1 2-46,text,true,,261,163,4,4,http://5.75.203.123:5005/object_info_4?name=Vladimir&age=39&salary=150000,192,0,95
1694072926230,198,object_info_4,200,OK,HW_1 2-47,text,true,,261,163,3,3,http://5.75.203.123:5005/object_info_4?name=Vladimir&age=39&salary=150000,198,0,98
1694072926238,203,object_info_4,200,OK,HW_1 2-49,text,true,,261,163,2,2,http://5.75.203.123:5005/object_info_4?name=Vladimir&age=39&salary=150000,203,0,98
1694072926278,191,object_info_4,200,OK,HW_1 2-50,text,true,,261,163,1,1,http://5.75.203.123:5005/object_info_4?name=Vladimir&age=39&salary=150000,191,0,94
